,Dataset Split,RMS [rad],RMS [deg],NRMS [%]
0,Training Set,0.003557798215815168,0.20384682212538355,0.7599889823599792
1,Validation Set,0.00343128952359673,0.19659840798954753,0.7244876051183047
2,Test Set,0.003577616726743753,0.20498233915782535,0.6919730760595546
