,Dataset Split,RMS [rad],RMS [deg],NRMS [%]
0,Training Set,0.0035654712659837604,0.20428645551603603,0.7616280392247851
1,Validation Set,0.003439220223304489,0.19705280361138772,0.7261621049233121
2,Test Set,0.003590477280840293,0.2057191946297568,0.6944605300988566
